,pred
0,8
1,2
2,12
3,36
4,111
5,212
6,362
7,362
8,374
9,614
10,467
11,506
12,493
13,257
14,464
15,349
16,204
17,168
18,114
19,96
20,42
21,22
22,14
23,9
24,6
25,26
26,94
27,284
28,472
29,275
30,99
31,149
32,210
33,183
34,174
35,174
36,268
37,506
38,515
39,394
40,257
41,217
42,145
43,90
44,42
45,22
46,14
47,9
48,6
49,26
50,94
51,284
52,472
53,209
54,127
55,149
56,202
57,199
58,161
59,203
60,313
61,600
62,560
63,394
64,257
65,217
66,145
67,90
68,39
69,20
70,13
71,8
72,6
73,26
74,94
75,279
76,465
77,224
78,113
79,127
80,209
81,189
82,178
83,203
84,324
85,543
86,515
87,362
88,266
89,217
90,145
91,81
92,40
93,20
94,13
95,8
96,6
97,27
98,96
99,267
100,435
101,224
102,119
103,132
104,213
105,219
106,203
107,206
108,324
109,600
110,538
111,341
112,273
113,204
114,141
115,80
116,39
117,18
118,11
119,7
120,6
121,27
122,101
123,274
124,430
125,240
126,146
127,141
128,212
129,211
130,203
131,209
132,311
133,577
134,552
135,370
136,255
137,203
138,129
139,82
140,116
141,121
142,63
143,31
144,7
145,16
146,33
147,50
148,124
149,282
150,311
151,413
152,341
153,443
154,517
155,379
156,405
157,381
158,335
159,286
160,228
161,174
162,139
163,88
164,132
165,79
166,63
167,39
168,7
169,16
170,33
171,50
172,124
173,208
174,311
175,285
176,341
177,443
178,517
179,455
180,405
181,381
182,335
183,282
184,228
185,173
186,114
187,105
188,108
189,105
190,69
191,31
192,5
193,15
194,33
195,50
196,95
197,178
198,289
199,285
200,324
201,368
202,361
203,403
204,420
205,432
206,429
207,314
208,205
209,198
210,138
211,88
212,41
213,22
214,14
215,10
216,8
217,26
218,110
219,283
220,430
221,204
222,129
223,162
224,205
225,209
226,205
227,191
228,287
229,556
230,521
231,393
232,255
233,188
234,145
235,90
236,38
237,18
238,11
239,7
240,6
241,27
242,96
243,267
244,452
245,224
246,113
247,132
248,213
249,226
250,225
251,210
252,324
253,600
254,578
255,362
256,196
257,210
258,129
259,82
260,38
261,18
262,13
263,7
264,6
265,27
266,96
267,267
268,435
269,251
270,118
271,144
272,212
273,211
274,178
275,209
276,316
277,577
278,578
279,362
280,282
281,210
282,129
283,82
284,39
285,18
286,13
287,7
288,6
289,27
290,101
291,282
292,430
293,240
294,134
295,154
296,213
297,219
298,225
299,210
300,324
301,587
302,501
303,362
304,266
305,204
306,146
307,81
308,84
309,76
310,50
311,33
312,6
313,2
314,12
315,36
316,104
317,144
318,261
319,289
320,353
321,297
322,333
323,500
324,427
325,357
326,309
327,258
328,175
329,137
330,125
331,83
332,87
333,70
334,42
335,27
336,5
337,2
338,19
339,42
340,104
341,200
342,309
343,366
344,486
345,540
346,466
347,506
348,495
349,402
350,464
351,351
352,204
353,121
354,114
355,89
356,42
357,24
358,14
359,9
360,6
361,24
362,101
363,284
364,452
365,224
366,119
367,127
368,174
369,199
370,166
371,194
372,298
373,543
374,515
375,362
376,251
377,166
378,129
379,86
380,44
381,24
382,11
383,10
384,9
385,23
386,94
387,217
388,389
389,223
390,126
391,148
392,151
393,183
394,186
395,196
396,268
397,557
398,419
399,338
400,202
401,166
402,129
403,71
404,43
405,24
406,10
407,8
408,8
409,23
410,94
411,267
412,474
413,275
414,127
415,138
416,202
417,191
418,161
419,174
420,268
421,539
422,419
423,295
424,196
425,166
426,127
427,83
428,43
429,24
430,11
431,10
432,8
433,23
434,82
435,267
436,592
437,265
438,127
439,132
440,213
441,226
442,225
443,206
444,324
445,600
446,495
447,341
448,273
449,217
450,146
451,66
452,43
453,24
454,14
455,10
456,8
457,24
458,101
459,281
460,465
461,224
462,134
463,154
464,212
465,211
466,178
467,209
468,316
469,577
470,552
471,370
472,271
473,203
474,130
475,80
476,116
477,121
478,63
479,31
480,7
481,15
482,16
483,27
484,176
485,282
486,289
487,308
488,401
489,404
490,343
491,384
492,420
493,412
494,419
495,314
496,212
497,178
498,139
499,89
500,126
501,121
502,63
503,39
504,7
505,16
506,33
507,111
508,124
509,178
510,220
511,308
512,423
513,406
514,353
515,384
516,404
517,432
518,419
519,366
520,212
521,174
522,139
523,88
524,41
525,19
526,14
527,8
528,6
529,27
530,101
531,282
532,430
533,194
534,124
535,162
536,205
537,199
538,205
539,234
540,302
541,576
542,521
543,371
544,288
545,204
546,169
547,89
548,41
549,21
550,14
551,9
552,6
553,27
554,96
555,274
556,435
557,240
558,119
559,132
560,209
561,189
562,161
563,194
564,298
565,506
566,560
567,391
568,282
569,210
570,129
571,82
572,39
573,18
574,11
575,7
576,6
577,27
578,96
579,267
580,435
581,240
582,119
583,132
584,213
585,226
586,225
587,210
588,324
589,600
590,538
591,341
592,282
593,204
594,145
595,90
596,40
597,20
598,11
599,7
600,6
601,27
602,91
603,267
604,452
605,224
606,119
607,132
608,209
609,217
610,211
611,206
612,324
613,600
614,578
615,341
616,273
617,204
618,141
619,90
620,40
621,22
622,14
623,9
624,6
625,23
626,102
627,284
628,452
629,224
630,119
631,132
632,213
633,226
634,225
635,210
636,324
637,600
638,538
639,341
640,282
641,203
642,141
643,90
644,92
645,76
646,62
647,33
648,6
649,8
650,19
651,41
652,117
653,200
654,306
655,362
656,374
657,465
658,467
659,407
660,493
661,257
662,310
663,360
664,204
665,168
666,114
667,96
668,84
669,76
670,57
671,28
672,6
673,8
674,14
675,36
676,111
677,144
678,257
679,327
680,353
681,370
682,333
683,416
684,453
685,357
686,309
687,258
688,175
689,121
690,144
691,89
692,43
693,25
694,13
695,10
696,6
697,24
698,101
699,281
700,474
701,202
702,112
703,124
704,187
705,173
706,186
707,190
708,268
709,557
710,501
711,362
712,266
713,217
714,145
715,81
716,40
717,20
718,13
719,8
720,6
721,27
722,96
723,267
724,452
725,240
726,119
727,132
728,213
729,211
730,178
731,233
732,302
733,576
734,521
735,378
736,293
737,213
738,169
739,97
740,41
741,21
742,14
743,9
744,8
745,26
746,106
747,283
748,430
749,204
750,117
751,150
752,183
753,194
754,176
755,172
756,248
757,532
758,507
759,365
760,278
761,214
762,165
763,93
764,44
765,23
766,15
767,9
768,10
769,25
770,108
771,276
772,450
773,208
774,116
775,148
776,142
777,166
778,176
779,154
780,248
781,530
782,504
783,365
784,278
785,214
786,158
787,87
788,45
789,24
790,14
791,7
792,10
793,27
794,110
795,297
796,456
797,215
798,118
799,153
800,190
801,185
802,176
803,172
804,248
805,556
806,521
807,371
808,299
809,210
810,130
811,82
812,116
813,79
814,63
815,39
816,11
817,16
818,29
819,49
820,102
821,171
822,276
823,308
824,401
825,404
826,510
827,384
828,404
829,432
830,419
831,314
832,205
833,198
834,138
835,88
836,100
837,80
838,64
839,43
840,12
841,16
842,29
843,49
844,99
845,171
846,220
847,308
848,401
849,368
850,353
851,366
852,404
853,412
854,419
855,314
856,205
857,198
858,138
859,87
860,43
861,22
862,14
863,10
864,8
865,26
866,106
867,283
868,430
869,194
870,125
871,153
872,198
873,219
874,190
875,233
876,302
877,576
878,552
879,370
880,271
881,210
882,129
883,80
884,39
885,20
886,14
887,10
888,6
889,24
890,101
891,281
892,472
893,265
894,113
895,127
896,209
897,226
898,211
899,210
900,324
901,600
902,538
903,362
904,255
905,210
906,129
907,90
908,39
909,20
910,14
911,9
912,6
913,27
914,91
915,267
916,435
917,251
918,118
919,153
920,198
921,199
922,196
923,234
924,287
925,556
926,521
927,393
928,299
929,209
930,169
931,90
932,39
933,19
934,14
935,9
936,6
937,27
938,101
939,274
940,430
941,194
942,129
943,153
944,190
945,194
946,186
947,189
948,304
949,530
950,504
951,362
952,297
953,213
954,158
955,108
956,44
957,24
958,15
959,9
960,10
961,25
962,108
963,276
964,450
965,215
966,100
967,127
968,133
969,143
970,143
971,146
972,219
973,380
974,375
975,327
976,225
977,222
978,165
979,89
980,116
981,121
982,63
983,39
984,7
985,16
986,29
987,49
988,124
989,282
990,231
991,287
992,358
993,395
994,373
995,368
996,379
997,386
998,354
999,329
1000,284
1001,208
1002,139
1003,102
1004,111
1005,80
1006,66
1007,44
1008,12
1009,11
1010,24
1011,45
1012,95
1013,181
1014,244
1015,287
1016,335
1017,306
1018,298
1019,370
1020,312
1021,320
1022,354
1023,329
1024,270
1025,195
1026,155
1027,102
1028,45
1029,24
1030,14
1031,9
1032,10
1033,26
1034,108
1035,297
1036,456
1037,215
1038,118
1039,150
1040,190
1041,194
1042,186
1043,209
1044,296
1045,539
1046,547
1047,393
1048,300
1049,213
1050,167
1051,108
1052,43
1053,23
1054,15
1055,10
1056,9
1057,25
1058,108
1059,297
1060,450
1061,208
1062,117
1063,148
1064,171
1065,166
1066,159
1067,172
1068,248
1069,504
1070,504
1071,362
1072,299
1073,203
1074,130
1075,82
1076,132
1077,80
1078,64
1079,44
1080,12
1081,14
1082,27
1083,46
1084,99
1085,173
1086,258
1087,337
1088,377
1089,315
1090,351
1091,303
1092,312
1093,320
1094,300
1095,287
1096,239
1097,195
1098,155
1099,102
1100,44
1101,24
1102,14
1103,9
1104,10
1105,26
1106,107
1107,309
1108,425
1109,195
1110,114
1111,127
1112,142
1113,150
1114,152
1115,154
1116,251
1117,476
1118,507
1119,365
1120,278
1121,214
1122,165
1123,87
1124,44
1125,23
1126,13
1127,7
1128,10
1129,27
1130,110
1131,309
1132,425
1133,202
1134,114
1135,150
1136,171
1137,166
1138,159
1139,154
1140,251
1141,476
1142,507
1143,365
1144,278
1145,214
1146,158
1147,87
1148,110
1149,77
1150,67
1151,41
1152,14
1153,16
1154,25
1155,43
1156,72
1157,165
1158,189
1159,205
1160,297
1161,287
1162,264
1163,277
1164,191
1165,284
1166,255
1167,209
1168,162
1169,138
1170,133
1171,115
1172,110
1173,80
1174,71
1175,55
1176,15
1177,16
1178,26
1179,44
1180,80
1181,151
1182,216
1183,232
1184,322
1185,300
1186,264
1187,303
1188,463
1189,381
1190,311
1191,284
1192,212
1193,198
1194,138
1195,89
1196,40
1197,22
1198,14
1199,10
1200,8
1201,26
1202,106
1203,283
1204,430
1205,251
1206,134
1207,144
1208,208
1209,202
1210,203
1211,209
1212,311
1213,596
1214,552
1215,370
1216,288
1217,209
1218,169
1219,89
1220,41
1221,22
1222,14
1223,10
1224,9
1225,26
1226,110
1227,276
1228,444
1229,210
1230,125
1231,153
1232,205
1233,209
1234,205
1235,234
1236,302
1237,596
1238,495
1239,341
1240,257
1241,204
1242,141
1243,80
1244,39
1245,18
1246,13
1247,8
1248,6
1249,27
1250,106
1251,283
1252,427
1253,194
1254,124
1255,162
1256,208
1257,199
1258,196
1259,234
1260,302
1261,576
1262,518
1263,370
1264,288
1265,204
1266,169
1267,89
1268,40
1269,19
1270,14
1271,8
1272,6
1273,27
1274,106
1275,282
1276,427
1277,204
1278,129
1279,162
1280,208
1281,199
1282,190
1283,234
1284,302
1285,577
1286,552
1287,370
1288,288
1289,204
1290,169
1291,89
1292,41
1293,21
1294,14
1295,10
1296,8
1297,26
1298,108
1299,276
1300,430
1301,204
1302,129
1303,162
1304,198
1305,199
1306,196
1307,234
1308,302
1309,576
1310,518
1311,370
1312,288
1313,204
1314,167
1315,97
1316,102
1317,79
1318,65
1319,43
1320,12
1321,16
1322,29
1323,49
1324,176
1325,208
1326,307
1327,285
1328,341
1329,443
1330,361
1331,386
1332,493
1333,402
1334,310
1335,344
1336,216
1337,176
1338,139
1339,89
1340,132
1341,80
1342,64
1343,44
1344,12
1345,11
1346,25
1347,45
1348,99
1349,171
1350,220
1351,337
1352,424
1353,401
1354,351
1355,366
1356,393
1357,411
1358,310
1359,344
1360,216
1361,174
1362,142
1363,88
1364,43
1365,22
1366,14
1367,10
1368,9
1369,26
1370,110
1371,282
1372,450
1373,215
1374,118
1375,150
1376,190
1377,204
1378,176
1379,189
1380,316
1381,577
1382,547
1383,378
1384,293
1385,213
1386,158
1387,108
1388,43
1389,24
1390,15
1391,9
1392,10
1393,25
1394,107
1395,297
1396,425
1397,202
1398,116
1399,148
1400,142
1401,150
1402,143
1403,154
1404,251
1405,476
1406,507
1407,365
1408,278
1409,214
1410,158
1411,93
1412,45
1413,24
1414,14
1415,7
1416,10
1417,26
1418,107
1419,297
1420,441
1421,202
1422,100
1423,127
1424,133
1425,143
1426,143
1427,154
1428,324
1429,600
1430,552
1431,371
1432,288
1433,213
1434,158
1435,99
1436,44
1437,24
1438,15
1439,9
1440,10
1441,26
1442,107
1443,297
1444,456
1445,215
1446,125
1447,153
1448,190
1449,204
1450,186
1451,209
1452,296
1453,504
1454,504
1455,362
1456,297
1457,203
1458,129
1459,82
1460,39
1461,19
1462,14
1463,9
1464,8
1465,26
1466,110
1467,283
1468,427
1469,194
1470,118
1471,144
1472,213
1473,217
1474,211
1475,203
1476,313
1477,506
1478,523
1479,390
1480,257
1481,217
1482,145
1483,90
1484,108
1485,105
1486,69
1487,31
1488,12
1489,6
1490,12
1491,27
1492,117
1493,171
1494,257
1495,307
1496,252
1497,317
1498,320
1499,348
1500,336
1501,304
1502,354
1503,242
1504,154
1505,137
1506,144
1507,96
1508,100
1509,91
1510,69
1511,31
1512,5
1513,15
1514,33
1515,50
1516,124
1517,208
1518,362
1519,362
1520,471
1521,614
1522,467
1523,452
1524,326
1525,288
1526,350
1527,344
1528,212
1529,176
1530,139
1531,89
1532,39
1533,19
1534,14
1535,9
1536,8
1537,26
1538,110
1539,276
1540,444
1541,210
1542,120
1543,153
1544,205
1545,199
1546,190
1547,234
1548,287
1549,556
1550,559
1551,378
1552,299
1553,213
1554,167
1555,97
1556,41
1557,21
1558,14
1559,9
1560,8
1561,26
1562,110
1563,276
1564,450
1565,195
1566,117
1567,150
1568,197
1569,204
1570,190
1571,191
1572,302
1573,576
1574,552
1575,371
1576,288
1577,209
1578,167
1579,108
1580,43
1581,22
1582,14
1583,9
1584,6
1585,27
1586,106
1587,283
1588,430
1589,204
1590,129
1591,162
1592,198
1593,208
1594,196
1595,233
1596,302
1597,576
1598,521
1599,371
1600,288
1601,204
1602,153
1603,90
1604,39
1605,19
1606,14
1607,9
1608,8
1609,26
1610,110
1611,276
1612,430
1613,204
1614,129
1615,153
1616,190
1617,194
1618,159
1619,154
1620,255
1621,532
1622,487
1623,327
1624,278
1625,215
1626,158
1627,97
1628,43
1629,23
1630,14
1631,10
1632,10
1633,25
1634,108
1635,282
1636,456
1637,202
1638,116
1639,150
1640,190
1641,204
1642,186
1643,189
1644,296
1645,504
1646,559
1647,366
1648,300
1649,217
1650,155
1651,99
1652,109
1653,82
1654,66
1655,44
1656,12
1657,11
1658,24
1659,45
1660,98
1661,193
1662,260
1663,329
1664,424
1665,401
1666,368
1667,368
1668,393
1669,432
1670,419
1671,351
1672,204
1673,173
1674,137
1675,88
1676,126
1677,79
1678,64
1679,43
1680,11
1681,16
1682,29
1683,46
1684,99
1685,171
1686,276
1687,308
1688,324
1689,368
1690,361
1691,386
1692,463
1693,432
1694,429
1695,282
1696,228
1697,174
1698,139
1699,88
1700,41
1701,22
1702,14
1703,9
1704,8
1705,26
1706,110
1707,276
1708,444
1709,210
1710,129
1711,156
1712,198
1713,199
1714,196
1715,234
1716,302
1717,577
1718,552
1719,366
1720,271
1721,204
1722,153
1723,89
1724,40
1725,19
1726,14
1727,9
1728,8
1729,26
1730,106
1731,279
1732,430
1733,204
1734,124
1735,162
1736,205
1737,199
1738,196
1739,209
1740,316
1741,596
1742,552
1743,370
1744,255
1745,210
1746,130
1747,82
1748,40
1749,19
1750,13
1751,8
1752,6
1753,27
1754,106
1755,282
1756,430
1757,215
1758,124
1759,162
1760,205
1761,199
1762,205
1763,191
1764,302
1765,576
1766,552
1767,370
1768,288
1769,204
1770,169
1771,89
1772,41
1773,21
1774,14
1775,9
1776,8
1777,26
1778,110
1779,276
1780,444
1781,215
1782,118
1783,152
1784,190
1785,194
1786,186
1787,233
1788,287
1789,556
1790,521
1791,378
1792,300
1793,213
1794,167
1795,97
1796,43
1797,22
1798,14
1799,10
1800,8
1801,26
1802,110
1803,276
1804,444
1805,210
1806,118
1807,150
1808,183
1809,194
1810,186
1811,172
1812,302
1813,539
1814,559
1815,378
1816,300
1817,213
1818,158
1819,108
1820,109
1821,82
1822,66
1823,44
1824,12
1825,11
1826,24
1827,45
1828,98
1829,193
1830,260
1831,316
1832,377
1833,395
1834,373
1835,368
1836,379
1837,386
1838,403
1839,366
1840,284
1841,176
1842,148
1843,83
1844,109
1845,80
1846,67
1847,44
1848,12
1849,14
1850,24
1851,45
1852,102
1853,193
1854,258
1855,337
1856,377
1857,395
1858,351
1859,370
1860,420
1861,432
1862,464
1863,360
1864,212
1865,174
1866,142
1867,88
1868,43
1869,23
1870,15
1871,9
1872,10
1873,25
1874,108
1875,282
1876,430
1877,194
1878,129
1879,162
1880,208
1881,199
1882,205
1883,191
1884,296
1885,556
1886,559
1887,393
1888,299
1889,209
1890,167
1891,97
1892,41
1893,22
1894,14
1895,10
1896,9
1897,25
1898,108
1899,276
1900,430
1901,194
1902,129
1903,162
1904,205
1905,199
1906,205
1907,234
1908,316
1909,596
1910,552
1911,371
1912,288
1913,204
1914,169
1915,97
1916,41
1917,23
1918,14
1919,10
1920,10
1921,25
1922,108
1923,276
1924,450
1925,215
1926,118
1927,153
1928,205
1929,199
1930,196
1931,209
1932,302
1933,576
1934,518
1935,371
1936,288
1937,209
1938,169
1939,97
1940,43
1941,22
1942,14
1943,10
1944,9
1945,26
1946,110
1947,276
1948,444
1949,215
1950,118
1951,150
1952,190
1953,194
1954,176
1955,172
1956,302
1957,504
1958,559
1959,378
1960,255
1961,203
1962,129
1963,82
1964,41
1965,22
1966,14
1967,9
1968,10
1969,25
1970,106
1971,282
1972,435
1973,240
1974,134
1975,141
1976,208
1977,202
1978,178
1979,234
1980,311
1981,576
1982,552
1983,371
1984,288
1985,209
1986,169
1987,97
1988,100
1989,79
1990,63
1991,31
1992,7
1993,16
1994,33
1995,49
1996,95
1997,213
1998,307
1999,317
2000,324
2001,368
2002,361
2003,386
2004,463
2005,288
2006,464
2007,349
2008,204
2009,173
2010,137
2011,88
2012,116
2013,105
2014,63
2015,31
2016,11
2017,16
2018,29
2019,49
2020,95
2021,178
2022,289
2023,317
2024,341
2025,351
2026,517
2027,379
2028,395
2029,411
2030,311
2031,286
2032,216
2033,174
2034,139
2035,89
2036,39
2037,19
2038,13
2039,8
2040,6
2041,27
2042,101
2043,283
2044,444
2045,210
2046,125
2047,162
2048,208
2049,208
2050,196
2051,191
2052,302
2053,576
2054,552
2055,370
2056,288
2057,204
2058,169
2059,89
2060,41
2061,21
2062,14
2063,10
2064,9
2065,25
2066,106
2067,283
2068,430
2069,194
2070,118
2071,153
2072,208
2073,199
2074,205
2075,191
2076,287
2077,577
2078,552
2079,371
2080,288
2081,209
2082,169
2083,97
2084,41
2085,22
2086,14
2087,9
2088,6
2089,27
2090,106
2091,283
2092,430
2093,204
2094,124
2095,153
2096,208
2097,208
2098,178
2099,209
2100,316
2101,600
2102,578
2103,341
2104,255
2105,203
2106,153
2107,90
2108,39
2109,18
2110,13
2111,7
2112,6
2113,27
2114,96
2115,282
2116,427
2117,204
2118,129
2119,162
2120,205
2121,199
2122,205
2123,234
2124,287
2125,556
2126,521
2127,371
2128,299
2129,209
2130,169
2131,89
2132,40
2133,19
2134,14
2135,8
2136,6
2137,27
2138,101
2139,282
2140,427
2141,194
2142,129
2143,162
2144,197
2145,204
2146,186
2147,189
2148,296
2149,556
2150,559
2151,370
2152,271
2153,210
2154,129
2155,80
2156,116
2157,105
2158,80
2159,31
2160,7
2161,15
2162,36
2163,111
2164,124
2165,208
2166,289
2167,285
2168,324
2169,466
2170,517
2171,379
2172,395
2173,381
2174,350
2175,360
2176,212
2177,173
2178,137
2179,68
2180,126
2181,121
2182,80
2183,31
2184,7
2185,15
2186,33
2187,50
2188,124
2189,208
2190,311
2191,366
2192,535
2193,370
2194,333
2195,500
2196,453
2197,357
2198,309
2199,258
2200,202
2201,121
2202,114
2203,105
2204,40
2205,20
2206,13
2207,8
2208,6
2209,27
2210,96
2211,274
2212,435
2213,240
2214,119
2215,132
2216,209
2217,226
2218,225
2219,210
2220,324
2221,587
2222,501
2223,362
2224,266
2225,188
2226,146
2227,81
2228,40
2229,20
2230,14
2231,9
2232,6
2233,26
2234,94
2235,267
2236,452
2237,240
2238,134
2239,154
2240,212
2241,211
2242,178
2243,209
2244,316
2245,600
2246,538
2247,362
2248,257
2249,204
2250,141
2251,90
2252,39
2253,18
2254,11
2255,7
2256,6
2257,27
2258,101
2259,274
2260,430
2261,215
2262,118
2263,144
2264,208
2265,202
2266,178
2267,209
2268,324
2269,600
2270,523
2271,394
2272,257
2273,204
2274,141
2275,80
2276,38
2277,18
2278,11
2279,7
2280,6
2281,27
2282,96
2283,274
2284,430
2285,194
2286,129
2287,162
2288,208
2289,209
2290,190
2291,233
2292,316
2293,577
2294,578
2295,362
2296,255
2297,203
2298,130
2299,82
2300,39
2301,18
2302,14
2303,8
2304,6
2305,27
2306,101
2307,282
2308,430
2309,204
2310,125
2311,162
2312,198
2313,199
2314,190
2315,209
2316,316
2317,600
2318,538
2319,362
2320,255
2321,203
2322,153
2323,90
2324,100
2325,80
2326,64
2327,43
2328,12
2329,16
2330,29
2331,49
2332,95
2333,213
2334,289
2335,285
2336,452
2337,465
2338,376
2339,500
2340,453
2341,367
2342,378
2343,258
2344,175
2345,121
2346,114
2347,105
2348,116
2349,121
2350,63
2351,39
2352,11
2353,16
2354,33
2355,49
2356,102
2357,213
2358,276
2359,317
2360,452
2361,501
2362,333
2363,500
2364,427
2365,357
2366,309
2367,258
2368,202
2369,168
2370,114
2371,105
2372,39
2373,18
2374,11
2375,7
2376,6
2377,27
2378,101
2379,283
2380,430
2381,251
2382,124
2383,153
2384,198
2385,202
2386,196
2387,234
2388,302
2389,576
2390,518
2391,370
2392,288
2393,204
2394,153
2395,89
2396,41
2397,21
2398,14
2399,9
2400,8
2401,26
2402,110
2403,283
2404,430
2405,194
2406,129
2407,156
2408,205
2409,209
2410,190
2411,191
2412,287
2413,576
2414,518
2415,370
2416,271
2417,204
2418,153
2419,90
2420,39
2421,18
2422,11
2423,7
2424,6
2425,27
2426,96
2427,282
2428,430
2429,194
2430,124
2431,144
2432,198
2433,211
2434,178
2435,209
2436,316
2437,596
2438,578
2439,341
2440,282
2441,203
2442,129
2443,82
2444,38
2445,18
2446,11
2447,7
2448,6
2449,27
2450,96
2451,282
2452,430
2453,194
2454,124
2455,162
2456,198
2457,202
2458,178
2459,234
2460,302
2461,556
2462,521
2463,371
2464,288
2465,204
2466,153
2467,89
2468,40
2469,21
2470,14
2471,9
2472,6
2473,27
2474,106
2475,282
2476,430
2477,210
2478,125
2479,148
2480,183
2481,185
2482,159
2483,172
2484,248
2485,530
2486,504
2487,378
2488,293
2489,213
2490,158
2491,108
2492,109
2493,82
2494,65
2495,43
2496,12
2497,11
2498,25
2499,45
2500,102
2501,173
2502,255
2503,328
2504,401
2505,404
2506,368
2507,366
2508,404
2509,432
2510,419
2511,284
2512,212
2513,168
2514,137
2515,88
2516,126
2517,79
2518,64
2519,43
2520,12
2521,14
2522,27
2523,46
2524,102
2525,178
2526,307
2527,317
2528,341
2529,465
2530,467
2531,407
2532,326
2533,381
2534,350
2535,360
2536,212
2537,176
2538,136
2539,88
2540,126
2541,80
2542,64
2543,43
2544,12
2545,14
2546,27
2547,46
2548,99
2549,178
2550,276
2551,317
2552,324
2553,443
2554,485
2555,407
2556,326
2557,288
2558,350
2559,344
2560,216
2561,174
2562,139
2563,88
2564,41
2565,21
2566,14
2567,9
2568,8
2569,26
2570,110
2571,279
2572,430
2573,204
2574,124
2575,153
2576,198
2577,199
2578,196
2579,234
2580,316
2581,577
2582,552
2583,371
2584,288
2585,209
2586,167
2587,97
2588,43
2589,22
2590,14
2591,10
2592,10
2593,25
2594,108
2595,276
2596,444
2597,210
2598,125
2599,156
2600,208
2601,199
2602,205
2603,233
2604,316
2605,577
2606,552
2607,370
2608,271
2609,204
2610,169
2611,89
2612,41
2613,22
2614,15
2615,10
2616,10
2617,25
2618,108
2619,276
2620,430
2621,251
2622,134
2623,154
2624,212
2625,219
2626,203
2627,206
2628,324
2629,600
2630,538
2631,391
2632,273
2633,204
2634,141
2635,80
2636,38
2637,18
2638,11
2639,7
2640,6
2641,27
2642,101
2643,282
2644,430
2645,194
2646,124
2647,162
2648,208
2649,199
2650,196
2651,234
2652,302
2653,596
2654,552
2655,370
2656,271
2657,203
2658,153
2659,82
2660,126
2661,79
2662,64
2663,43
2664,12
2665,14
2666,27
2667,46
2668,99
2669,178
2670,276
2671,308
2672,401
2673,404
2674,343
2675,288
2676,236
2677,309
2678,295
2679,200
2680,149
2681,137
2682,125
2683,89
2684,84
2685,76
2686,50
2687,28
2688,8
2689,5
2690,14
2691,41
2692,117
2693,212
2694,306
2695,362
2696,486
2697,540
2698,467
2699,452
2700,429
2701,402
2702,378
2703,349
2704,175
2705,137
2706,125
2707,83
2708,43
2709,25
2710,13
2711,10
2712,8
2713,24
2714,98
2715,281
2716,472
2717,209
2718,113
2719,138
2720,174
2721,199
2722,169
2723,194
2724,298
2725,506
2726,501
2727,362
2728,251
2729,166
2730,130
2731,71
2732,43
2733,20
2734,8
2735,8
2736,8
2737,22
2738,82
2739,267
2740,474
2741,209
2742,113
2743,127
2744,174
2745,189
2746,178
2747,203
2748,324
2749,587
2750,515
2751,362
2752,208
2753,166
2754,129
2755,71
2756,43
2757,24
2758,11
2759,10
2760,9
2761,24
2762,98
2763,281
2764,472
2765,209
2766,113
2767,132
2768,213
2769,226
2770,211
2771,210
2772,324
2773,587
2774,523
2775,390
2776,266
2777,188
2778,129
2779,66
2780,43
2781,25
2782,13
2783,10
2784,8
2785,24
2786,98
2787,284
2788,472
2789,209
2790,119
2791,132
2792,213
2793,226
2794,225
2795,210
2796,324
2797,600
2798,560
2799,390
2800,266
2801,217
2802,146
2803,86
2804,43
2805,24
2806,14
2807,10
2808,6
2809,23
2810,102
2811,284
2812,452
2813,224
2814,146
2815,141
2816,213
2817,226
2818,225
2819,210
2820,324
2821,600
2822,538
2823,391
2824,273
2825,204
2826,145
2827,90
2828,100
2829,91
2830,62
2831,31
2832,5
2833,6
2834,19
2835,41
2836,111
2837,200
2838,309
2839,366
2840,486
2841,540
2842,466
2843,404
2844,453
2845,367
2846,309
2847,268
2848,154
2849,121
2850,101
2851,77
2852,87
2853,70
2854,42
2855,28
2856,5
2857,2
2858,12
2859,42
2860,104
2861,171
2862,309
2863,366
2864,486
2865,370
2866,376
2867,500
2868,427
2869,367
2870,335
2871,268
2872,154
2873,137
2874,101
2875,77
2876,44
2877,24
2878,11
2879,10
2880,9
2881,23
2882,94
2883,281
2884,474
2885,265
2886,113
2887,138
2888,202
2889,199
2890,161
2891,174
2892,268
2893,543
2894,501
2895,362
2896,266
2897,217
2898,145
2899,81
2900,40
2901,20
2902,13
2903,7
2904,6
2905,27
2906,106
2907,282
2908,430
2909,251
2910,146
2911,141
2912,213
2913,226
2914,174
2915,190
2916,268
2917,557
2918,419
2919,373
2920,251
2921,188
2922,112
2923,66
2924,43
2925,25
2926,13
2927,10
2928,8
2929,24
2930,101
2931,281
2932,592
2933,202
2934,101
2935,149
2936,210
2937,183
2938,166
2939,180
2940,244
2941,557
2942,612
2943,295
2944,186
2945,149
2946,115
2947,68
2948,39
2949,18
2950,7
2951,7
2952,7
2953,21
2954,54
2955,209
2956,432
2957,275
2958,99
2959,138
2960,202
2961,199
2962,161
2963,194
2964,268
2965,543
2966,419
2967,338
2968,202
2969,166
2970,130
2971,71
2972,44
2973,24
2974,11
2975,10
2976,9
2977,24
2978,98
2979,281
2980,474
2981,265
2982,113
2983,132
2984,213
2985,226
2986,211
2987,203
2988,324
2989,554
2990,523
2991,390
2992,266
2993,188
2994,146
2995,81
2996,100
2997,81
2998,57
2999,33
3000,8
3001,-1
3002,16
3003,27
3004,111
3005,282
3006,362
3007,413
3008,452
3009,466
3010,517
3011,407
3012,326
3013,288
3014,310
3015,360
3016,212
3017,168
3018,114
3019,105
3020,108
3021,70
3022,42
3023,31
3024,5
3025,0
3026,16
3027,29
3028,41
3029,127
3030,254
3031,251
3032,306
3033,317
3034,320
3035,348
3036,336
3037,217
3038,204
3039,136
3040,114
3041,92
3042,84
3043,80
3044,29
3045,18
3046,7
3047,8
3048,7
3049,22
3050,82
3051,209
3052,432
3053,223
3054,112
3055,148
3056,187
3057,183
3058,174
3059,190
3060,280
3061,503
3062,354
3063,248
3064,186
3065,149
3066,115
3067,62
3068,29
3069,16
3070,9
3071,7
3072,7
3073,20
3074,54
3075,226
3076,389
3077,202
3078,101
3079,149
3080,202
3081,199
3082,169
3083,194
3084,298
3085,506
3086,515
3087,362
3088,251
3089,188
3090,146
3091,81
3092,42
3093,22
3094,14
3095,9
3096,6
3097,26
3098,102
3099,284
3100,472
3101,209
3102,127
3103,127
3104,213
3105,226
3106,203
3107,206
3108,324
3109,600
3110,578
3111,341
3112,273
3113,203
3114,145
3115,81
3116,40
3117,20
3118,13
3119,8
3120,6
3121,27
3122,94
3123,267
3124,435
3125,251
3126,118
3127,144
3128,208
3129,211
3130,178
3131,209
3132,324
3133,506
3134,523
3135,394
3136,257
3137,217
3138,145
3139,90
3140,40
3141,20
3142,13
3143,8
3144,6
3145,26
3146,94
3147,284
3148,452
3149,224
3150,119
3151,132
3152,213
3153,226
3154,211
3155,202
3156,298
3157,506
3158,515
3159,362
3160,251
3161,188
3162,112
3163,66
3164,87
3165,70
3166,50
3167,27
3168,8
3169,2
3170,12
3171,34
3172,86
3173,127
3174,254
3175,251
3176,353
3177,297
3178,320
3179,348
3180,391
3181,304
3182,203
3183,136
3184,114
3185,92
3186,83
3187,80
3188,79
3189,67
3190,33
3191,26
3192,5
3193,5
3194,16
3195,25
3196,41
3197,175
3198,257
3199,307
3200,353
3201,297
3202,337
3203,500
3204,427
3205,323
3206,213
3207,122
3208,102
3209,83
3210,83
3211,69
3212,29
3213,16
3214,7
3215,7
3216,7
3217,21
3218,54
3219,226
3220,380
3221,223
3222,112
3223,151
3224,210
3225,183
3226,174
3227,180
3228,244
3229,348
3230,341
3231,263
3232,196
3233,166
3234,130
3235,71
3236,43
3237,25
3238,13
3239,10
3240,6
3241,26
3242,91
3243,279
3244,452
3245,265
3246,99
3247,151
3248,210
3249,183
3250,174
3251,180
3252,244
3253,539
3254,501
3255,362
3256,266
3257,217
3258,145
3259,90
3260,39
3261,18
3262,11
3263,8
3264,6
3265,27
3266,96
3267,267
3268,435
3269,224
3270,134
3271,132
3272,213
3273,226
3274,225
3275,210
3276,324
3277,587
3278,495
3279,341
3280,255
3281,203
3282,129
3283,82
3284,38
3285,18
3286,13
3287,7
3288,6
3289,27
3290,101
3291,282
3292,430
3293,240
3294,134
3295,154
3296,212
3297,219
3298,211
3299,210
3300,324
3301,587
3302,523
3303,394
3304,257
3305,217
3306,141
3307,81
3308,43
3309,25
3310,13
3311,10
3312,6
3313,24
3314,101
3315,281
3316,465
3317,209
3318,134
3319,154
3320,212
3321,226
3322,203
3323,210
3324,324
3325,587
3326,515
3327,362
3328,251
3329,188
3330,146
3331,86
3332,84
3333,76
3334,57
3335,28
3336,6
3337,8
3338,19
3339,41
3340,111
3341,200
3342,309
3343,366
3344,471
3345,370
3346,320
3347,348
3348,336
3349,215
3350,213
3351,126
3352,100
3353,81
3354,68
3355,57
3356,58
3357,53
3358,36
3359,22
3360,3
3361,5
3362,16
3363,29
3364,60
3365,98
3366,159
3367,187
3368,212
3369,200
3370,212
3371,189
3372,175
3373,118
3374,105
3375,96
3376,73
3377,61
3378,53
3379,47
3380,45
3381,42
3382,32
3383,15
3384,3
3385,1
3386,8
3387,25
3388,55
3389,91
3390,117
3391,206
3392,212
3393,211
3394,186
3395,189
3396,173
3397,120
3398,123
3399,96
3400,73
3401,66
3402,58
3403,51
3404,26
3405,11
3406,10
3407,6
3408,6
3409,21
3410,74
3411,224
3412,401
3413,212
3414,110
3415,154
3416,169
3417,146
3418,156
3419,131
3420,196
3421,372
3422,378
3423,248
3424,177
3425,140
3426,103
3427,68
3428,29
3429,18
3430,7
3431,8
3432,8
3433,22
3434,82
3435,209
3436,432
3437,202
3438,101
3439,124
3440,151
3441,180
3442,174
3443,190
3444,268
3445,503
3446,341
3447,295
3448,186
3449,149
3450,92
3451,55
3452,25
3453,16
3454,9
3455,7
3456,6
3457,20
3458,65
3459,208
3460,374
3461,213
3462,110
3463,154
3464,161
3465,146
3466,118
3467,131
3468,196
3469,353
3470,311
3471,205
3472,142
3473,104
3474,72
3475,50
3476,27
3477,11
3478,9
3479,6
3480,6
3481,20
3482,60
3483,208
3484,401
3485,237
3486,126
3487,124
3488,151
3489,180
3490,191
3491,131
3492,164
3493,299
3494,282
3495,188
3496,142
3497,98
3498,72
3499,41
3500,40
3501,42
3502,32
3503,12
3504,3
3505,4
3506,6
3507,15
3508,58
3509,88
3510,106
3511,187
3512,203
3513,214
3514,267
3515,312
3516,273
3517,275
3518,172
3519,119
3520,73
3521,66
3522,58
3523,54
3524,55
3525,47
3526,36
3527,16
3528,4
3529,1
3530,9
3531,29
3532,70
3533,129
3534,254
3535,251
3536,353
3537,370
3538,376
3539,416
3540,427
3541,357
3542,295
3543,174
3544,126
3545,121
3546,101
3547,83
3548,43
3549,22
3550,14
3551,9
3552,6
3553,26
3554,94
3555,279
3556,452
3557,209
3558,127
3559,149
3560,210
3561,180
3562,174
3563,190
3564,259
3565,348
3566,354
3567,248
3568,186
3569,158
3570,115
3571,62
3572,29
3573,16
3574,9
3575,7
3576,7
3577,20
3578,67
3579,245
3580,401
3581,207
3582,126
3583,152
3584,155
3585,150
3586,156
3587,156
3588,181
3589,372
3590,378
3591,239
3592,159
3593,129
3594,72
3595,47
3596,26
3597,11
3598,9
3599,6
3600,6
3601,20
3602,74
3603,208
3604,389
3605,212
3606,126
3607,152
3608,155
3609,172
3610,191
3611,196
3612,259
3613,389
3614,374
3615,248
3616,177
3617,129
3618,92
3619,62
3620,29
3621,18
3622,7
3623,7
3624,7
3625,21
3626,54
3627,226
3628,380
3629,237
3630,126
3631,148
3632,210
3633,191
3634,166
3635,190
3636,268
3637,503
3638,341
3639,295
3640,202
3641,166
3642,130
3643,71
3644,43
3645,25
3646,13
3647,9
3648,6
3649,23
3650,102
3651,284
3652,474
3653,202
3654,99
3655,149
3656,174
3657,191
3658,169
3659,174
3660,244
3661,539
3662,341
3663,263
3664,186
3665,149
3666,115
3667,62
3668,65
3669,59
3670,43
3671,16
3672,3
3673,1
3674,12
3675,30
3676,62
3677,127
3678,218
3679,255
3680,306
3681,300
3682,332
3683,288
3684,237
3685,215
3686,213
3687,122
3688,102
3689,81
3690,68
3691,54
3692,58
3693,47
3694,36
3695,16
3696,5
3697,4
3698,9
3699,30
3700,60
3701,136
3702,199
3703,236
3704,295
3705,300
3706,332
3707,288
3708,237
3709,217
3710,213
3711,122
3712,100
3713,71
3714,63
3715,57
3716,27
3717,11
3718,9
3719,6
3720,6
3721,21
3722,65
3723,224
3724,401
3725,208
3726,126
3727,148
3728,203
3729,191
3730,166
3731,174
3732,244
3733,539
3734,354
3735,248
3736,177
3737,140
3738,92
3739,62
3740,29
3741,18
3742,9
3743,7
3744,7
3745,21
3746,78
3747,226
3748,380
3749,237
3750,112
3751,149
3752,202
3753,199
3754,178
3755,202
3756,313
3757,554
3758,501
3759,362
3760,208
3761,166
3762,129
3763,71
3764,44
3765,25
3766,13
3767,10
3768,9
3769,24
3770,94
3771,267
3772,592
3773,223
3774,112
3775,151
3776,202
3777,189
3778,203
3779,203
3780,324
3781,506
3782,523
3783,390
3784,266
3785,217
3786,146
3787,86
3788,40
3789,22
3790,13
3791,10
3792,8
3793,24
3794,101
3795,281
3796,592
3797,223
3798,112
3799,124
3800,187
3801,180
3802,174
3803,180
3804,268
3805,557
3806,341
3807,263
3808,186
3809,158
3810,130
3811,71
3812,44
3813,24
3814,11
3815,10
3816,8
3817,24
3818,101
3819,281
3820,474
3821,202
3822,112
3823,148
3824,203
3825,173
3826,174
3827,180
3828,280
3829,348
3830,341
3831,263
3832,196
3833,166
3834,127
3835,83
3836,79
3837,67
3838,33
3839,28
3840,5
3841,2
3842,12
3843,34
3844,86
3845,127
3846,254
3847,251
3848,252
3849,317
3850,320
3851,288
3852,236
3853,217
3854,203
3855,136
3856,114
3857,92
3858,84
3859,79
3860,84
3861,67
3862,33
3863,28
3864,5
3865,2
3866,12
3867,42
3868,86
3869,127
3870,181
3871,225
3872,252
3873,249
3874,318
3875,312
3876,259
3877,275
3878,123
3879,106
3880,79
3881,76
3882,68
3883,54
3884,25
3885,57
3886,56
3887,56
3888,73
3889,163
3890,161
3891,248
3892,92
3893,56
3894,36
3895,29
3896,17
3897,10
3898,6
3899,4
3900,5
3901,14
3902,51
3903,160
3904,342
3905,181
3906,89
3907,98
3908,110
3909,119
3910,112
3911,104
3912,146
3913,262
3914,240
3915,162
3916,135
3917,98
3918,66
3919,41
3920,24
3921,10
3922,8
3923,7
3924,7
3925,18
3926,60
3927,208
3928,363
3929,197
3930,89
3931,98
3932,110
3933,115
3934,104
3935,104
3936,135
3937,262
3938,240
3939,162
3940,126
3941,94
3942,66
3943,37
3944,22
3945,10
3946,8
3947,4
3948,5
3949,16
3950,51
3951,160
3952,342
3953,181
3954,88
3955,113
3956,121
3957,115
3958,104
3959,104
3960,116
3961,233
3962,238
3963,154
3964,111
3965,89
3966,66
3967,37
3968,38
3969,42
3970,32
3971,15
3972,3
3973,2
3974,7
3975,20
3976,58
3977,86
3978,132
3979,142
3980,140
3981,139
3982,164
3983,176
3984,160
3985,124
3986,110
3987,94
3988,71
3989,57
3990,50
3991,42
3992,26
3993,31
3994,24
3995,16
3996,5
3997,8
3998,6
3999,17
4000,45
4001,81
4002,147
4003,208
4004,230
4005,219
4006,176
4007,192
4008,175
4009,124
4010,110
4011,94
4012,78
4013,62
4014,49
4015,41
4016,17
4017,10
4018,6
4019,4
4020,5
4021,14
4022,51
4023,160
4024,324
4025,177
4026,89
4027,98
4028,108
4029,99
4030,101
4031,103
4032,99
4033,161
4034,201
4035,126
4036,91
4037,56
4038,41
4039,27
4040,14
4041,10
4042,8
4043,4
4044,10
4045,16
4046,38
4047,109
4048,222
4049,114
4050,73
4051,80
4052,70
4053,79
4054,91
4055,66
4056,83
4057,155
4058,174
4059,124
4060,92
4061,56
4062,36
4063,29
4064,17
4065,8
4066,4
4067,5
4068,5
4069,14
4070,51
4071,149
4072,213
4073,114
4074,46
4075,80
4076,70
4077,60
4078,55
4079,54
4080,73
4081,155
4082,174
4083,124
4084,91
4085,61
4086,36
4087,33
4088,15
4089,10
4090,6
4091,5
4092,14
4093,51
4094,164
4095,324
4096,179
4097,89
4098,98
4099,110
4100,115
4101,111
4102,108
4103,146
4104,262
4105,240
4106,154
4107,126
4108,89
4109,53
4110,37
4111,22
4112,10
4113,8
4114,5
4115,4
4116,14
4117,51
4118,149
4119,342
4120,181
4121,89
4122,96
4123,141
4124,134
4125,118
4126,116
4127,164
4128,275
4129,253
4130,133
4131,111
4132,74
4133,53
4134,33
4135,37
4136,19
4137,28
4138,7
4139,5
4140,4
4141,4
4142,17
4143,60
4144,88
4145,106
4146,206
4147,252
4148,318
4149,307
4150,257
4151,237
4152,223
4153,152
4154,132
4155,84
4156,66
4157,53
4158,47
4159,38
4160,42
4161,28
4162,15
4163,3
4164,4
4165,6
4166,15
4167,60
4168,88
4169,106
4170,195
4171,271
4172,243
4173,320
4174,288
4175,237
4176,215
4177,213
4178,126
4179,84
4180,76
4181,63
4182,54
4183,47
4184,48
4185,36
4186,12
4187,8
4188,4
4189,16
4190,30
4191,60
4192,106
4193,181
4194,236
4195,306
4196,317
4197,334
4198,288
4199,236
4200,217
4201,213
4202,151
4203,114
4204,104
4205,84
4206,77
4207,43
4208,16
4209,10
4210,6
4211,6
4212,18
4213,50
4214,160
4215,342
4216,179
4217,73
4218,80
4219,91
4220,79
4221,101
4222,104
4223,116
4224,161
4225,201
4226,126
4227,92
4228,56
4229,35
4230,27
4231,13
4232,10
4233,8
4234,6
4235,10
4236,16
4237,40
4238,96
4239,306
4240,177
4241,89
4242,80
4243,91
4244,99
4245,91
4246,83
4247,83
4248,155
4249,174
4250,124
4251,92
4252,56
4253,41
4254,21
4255,13
4256,9
4257,6
4258,7
4259,5
4260,14
4261,51
4262,160
4263,324
4264,179
4265,89
4266,98
4267,108
4268,106
4269,101
4270,103
4271,99
4272,173
4273,209
4274,133
4275,95
4276,61
4277,41
4278,33
4279,20
4280,10
4281,6
4282,4
4283,5
4284,14
4285,51
4286,160
4287,342
4288,181
4289,89
4290,97
4291,110
4292,119
4293,112
4294,104
4295,146
4296,173
4297,201
4298,148
4299,111
4300,74
4301,41
4302,33
4303,26
4304,31
4305,22
4306,18
4307,4
4308,-1
4309,4
4310,16
4311,26
4312,86
4313,132
4314,208
4315,225
4316,211
4317,186
4318,189
4319,175
4320,121
4321,110
4322,93
4323,71
4324,64
4325,50
4326,41
4327,26
4328,19
4329,26
4330,7
4331,3
4332,4
4333,6
4334,13
4335,45
4336,81
4337,147
4338,208
4339,225
4340,219
4341,176
4342,189
4343,175
4344,121
4345,110
4346,94
4347,72
4348,56
4349,51
4350,47
4351,24
4352,11
4353,10
4354,6
4355,6
4356,20
4357,65
4358,208
4359,363
4360,197
4361,89
4362,97
4363,110
4364,115
4365,111
4366,108
4367,146
4368,275
4369,240
4370,162
4371,126
4372,94
4373,53
4374,37
4375,20
4376,11
4377,8
4378,7
4379,7
4380,18
4381,60
4382,160
4383,358
4384,197
4385,87
4386,113
4387,121
4388,115
4389,111
4390,116
4391,146
4392,262
4393,240
4394,162
4395,126
4396,89
4397,66
4398,33
4399,22
4400,10
4401,4
4402,5
4403,5
4404,14
4405,52
4406,149
4407,306
4408,179
4409,89
4410,96
4411,141
4412,115
4413,118
4414,116
4415,157
4416,262
4417,253
4418,154
4419,95
4420,89
4421,53
4422,33
4423,37
4424,34
4425,12
4426,12
4427,6
4428,-1
4429,5
4430,12
4431,39
4432,91
4433,132
4434,187
4435,203
4436,214
4437,267
4438,278
4439,246
4440,186
4441,105
4442,94
4443,71
4444,57
4445,50
4446,41
4447,15
4448,8
4449,6
4450,7
4451,7
4452,14
4453,40
4454,96
4455,169
4456,156
4457,89
4458,96
4459,141
4460,134
4461,132
4462,127
4463,170
4464,319
4465,311
4466,222
4467,159
4468,129
4469,81
4470,50
4471,55
4472,42
4473,28
4474,16
4475,5
4476,8
4477,4
4478,17
4479,26
4480,29
4481,103
4482,68
4483,105
4484,108
4485,82
4486,105
4487,115
4488,80
4489,80
4490,76
4491,58
4492,43
4493,30
4494,24
4495,19
4496,14
4497,6
4498,5
4499,6
4500,1
4501,3
4502,12
4503,41
4504,56
4505,61
4506,90
4507,109
4508,121
4509,123
4510,105
4511,99
4512,102
4513,80
4514,76
4515,58
4516,49
4517,30
4518,19
4519,16
4520,9
4521,4
4522,5
4523,10
4524,16
4525,38
4526,96
4527,169
4528,156
4529,89
4530,96
4531,121
4532,119
4533,112
4534,104
4535,157
4536,275
4537,209
4538,133
4539,95
4540,74
4541,41
4542,33
4543,20
4544,10
4545,8
4546,5
4547,5
4548,14
4549,51
4550,160
4551,342
4552,179
4553,89
4554,59
4555,59
4556,58
4557,58
4558,56
4559,73
4560,163
4561,140
4562,101
4563,71
4564,66
4565,39
4566,27
4567,13
4568,9
4569,6
4570,7
4571,5
4572,12
4573,51
4574,149
4575,169
4576,156
4577,73
4578,80
4579,91
4580,79
4581,91
4582,83
4583,99
4584,161
4585,174
4586,126
4587,91
4588,56
4589,41
4590,27
4591,14
4592,11
4593,6
4594,10
4595,16
4596,38
4597,109
4598,256
4599,156
4600,46
4601,98
4602,108
4603,106
4604,91
4605,83
4606,99
4607,161
4608,174
4609,124
4610,92
4611,44
4612,35
4613,33
4614,13
4615,10
4616,8
4617,6
4618,10
4619,16
4620,42
4621,94
4622,222
4623,156
4624,73
4625,98
4626,110
4627,115
4628,104
4629,104
4630,135
4631,173
4632,201
4633,126
4634,91
4635,56
4636,36
4637,29
4638,38
4639,31
4640,22
4641,18
4642,5
4643,-1
4644,4
4645,16
4646,39
4647,29
4648,81
4649,35
4650,72
4651,111
4652,164
4653,192
4654,170
4655,124
4656,113
4657,92
4658,78
4659,62
4660,49
4661,42
4662,26
4663,19
4664,24
4665,18
4666,5
4667,8
4668,4
4669,16
4670,26
4671,87
4672,37
4673,35
4674,44
4675,219
4676,212
4677,200
4678,192
4679,118
4680,152
4681,96
4682,79
4683,76
4684,68
4685,54
4686,24
4687,11
4688,9
4689,6
4690,6
4691,18
4692,65
4693,167
4694,363
4695,213
4696,110
4697,154
4698,155
4699,173
4700,174
4701,190
4702,268
4703,372
4704,378
4705,248
4706,159
4707,116
4708,76
4709,50
4710,24
4711,14
4712,9
4713,6
4714,6
4715,21
4716,65
4717,245
4718,401
4719,208
4720,126
4721,154
4722,155
4723,172
4724,186
4725,190
4726,280
4727,372
4728,378
4729,239
4730,177
4731,149
4732,115
4733,68
4734,39
4735,24
4736,7
4737,8
4738,9
4739,24
4740,94
4741,209
4742,401
4743,210
4744,110
4745,132
4746,141
4747,134
4748,138
4749,127
4750,164
4751,287
4752,253
4753,154
4754,95
4755,74
4756,41
4757,29
4758,13
4759,9
4760,8
4761,4
4762,10
4763,16
4764,38
4765,94
4766,222
4767,156
4768,39
4769,48
4770,59
4771,57
4772,56
4773,54
4774,73
4775,163
4776,146
4777,101
4778,86
4779,66
4780,39
4781,21
4782,14
4783,10
4784,6
4785,7
4786,5
4787,12
4788,52
4789,164
4790,324
4791,177
4792,89
4793,80
4794,91
4795,99
4796,91
4797,83
4798,99
4799,233
4800,238
4801,154
4802,126
4803,89
4804,66
4805,41
4806,40
4807,47
4808,41
4809,16
4810,5
4811,4
4812,9
4813,30
4814,53
4815,91
4816,106
4817,206
4818,225
4819,219
4820,176
4821,189
4822,173
4823,121
4824,105
4825,96
4826,72
4827,56
4828,53
4829,51
4830,55
4831,48
4832,36
4833,12
4834,8
4835,1
4836,9
4837,30
4838,56
4839,98
4840,106
4841,206
4842,225
4843,117
4844,172
4845,176
4846,160
4847,124
4848,110
4849,95
4850,72
4851,56
4852,51
4853,47
4854,24
4855,11
4856,9
4857,6
4858,6
4859,21
4860,74
4861,224
4862,401
4863,212
4864,110
4865,154
4866,141
4867,115
4868,132
4869,151
4870,196
4871,319
4872,311
4873,248
4874,159
4875,129
4876,115
4877,62
4878,29
4879,14
4880,9
4881,6
4882,7
4883,18
4884,60
4885,167
4886,358
4887,181
4888,89
4889,98
4890,108
4891,106
4892,101
4893,103
4894,116
4895,155
4896,174
4897,126
4898,91
4899,61
4900,36
4901,29
4902,17
4903,8
4904,4
4905,7
4906,5
4907,12
4908,51
4909,149
4910,213
4911,156
4912,73
4913,80
4914,91
4915,79
4916,72
4917,66
4918,83
4919,155
4920,174
4921,124
4922,92
4923,56
4924,36
4925,33
4926,15
4927,8
4928,6
4929,7
4930,5
4931,12
4932,51
4933,96
4934,169
4935,156
4936,89
4937,98
4938,108
4939,99
4940,91
4941,83
4942,83
4943,155
4944,174
4945,124
4946,92
4947,49
4948,35
4949,27
4950,16
4951,11
4952,6
4953,5
4954,10
4955,16
4956,42
4957,109
4958,256
4959,156
4960,47
4961,80
4962,108
4963,99
4964,104
4965,104
4966,116
4967,161
4968,209
4969,133
4970,91
4971,56
4972,41
4973,33
4974,26
4975,31
4976,22
4977,12
4978,4
4979,8
4980,4
4981,16
4982,26
4983,29
4984,98
4985,82
4986,230
4987,117
4988,176
4989,189
4990,175
4991,118
4992,107
4993,94
4994,72
4995,56
4996,51
4997,47
4998,40
4999,42
5000,32
5001,15
5002,1
5003,1
5004,8
5005,25
5006,55
5007,88
5008,132
5009,142
5010,230
5011,117
5012,172
5013,185
5014,170
5015,121
5016,107
5017,94
5018,73
5019,56
5020,58
5021,47
5022,26
5023,11
5024,9
5025,6
5026,6
5027,21
5028,65
5029,208
5030,374
5031,213
5032,88
5033,96
5034,110
5035,115
5036,104
5037,104
5038,135
5039,262
5040,240
5041,188
5042,142
5043,104
5044,76
5045,50
5046,25
5047,16
5048,9
5049,7
5050,7
5051,21
5052,65
5053,208
5054,374
5055,213
5056,110
5057,154
5058,169
5059,146
5060,118
5061,116
5062,157
5063,262
5064,238
5065,154
5066,111
5067,89
5068,53
5069,37
5070,17
5071,10
5072,4
5073,7
5074,7
5075,12
5076,40
5077,149
5078,169
5079,156
5080,89
5081,96
5082,110
5083,119
5084,112
5085,104
5086,146
5087,262
5088,238
5089,154
5090,111
5091,74
5092,53
5093,33
5094,20
5095,10
5096,8
5097,4
5098,5
5099,14
5100,51
5101,160
5102,324
5103,177
5104,89
5105,98
5106,108
5107,99
5108,91
5109,66
5110,83
5111,161
5112,201
5113,133
5114,95
5115,74
5116,53
5117,47
5118,24
5119,16
5120,7
5121,8
5122,6
5123,18
5124,60
5125,160
5126,342
5127,179
5128,89
5129,80
5130,70
5131,60
5132,55
5133,56
5134,73
5135,129
5136,140
5137,85
5138,58
5139,44
5140,35
5141,27
5142,38
5143,31
5144,22
5145,18
5146,5
5147,8
5148,5
5149,17
5150,26
5151,29
5152,103
5153,68
5154,105
5155,108
5156,82
5157,76
5158,99
5159,102
5160,80
5161,71
5162,58
5163,42
5164,25
5165,19
5166,19
5167,14
5168,5
5169,2
5170,4
5171,8
5172,8
5173,10
5174,21
5175,40
5176,45
5177,84
5178,105
5179,108
5180,145
5181,159
5182,150
5183,104
5184,113
5185,90
5186,62
5187,43
5188,30
5189,24
5190,16
5191,11
5192,4
5193,5
5194,16
5195,42
5196,109
5197,222
5198,156
5199,47
5200,48
5201,59
5202,44
5203,53
5204,86
5205,134
5206,153
5207,139
5208,102
5209,86
5210,66
5211,39
5212,21
5213,26
5214,31
5215,22
5216,4
5217,1
5218,3
5219,12
5220,39
5221,56
5222,81
5223,47
5224,72
5225,219
5226,172
5227,176
5228,160
5229,104
5230,115
5231,92
5232,78
5233,62
5234,49
5235,34
5236,15
5237,9
5238,6
5239,6
5240,10
5241,16
5242,38
5243,109
5244,256
5245,130
5246,21
5247,50
5248,33
5249,63
5250,84
5251,59
5252,89
5253,129
5254,146
5255,124
5256,91
5257,56
5258,39
5259,27
5260,13
5261,10
5262,8
5263,6
5264,7
5265,14
5266,40
5267,96
5268,213
5269,114
5270,46
5271,56
5272,57
5273,57
5274,56
5275,59
5276,89
5277,129
5278,139
5279,102
5280,86
5281,66
5282,39
5283,21
5284,14
5285,10
5286,8
5287,6
5288,7
5289,14
5290,38
5291,94
5292,169
5293,156
5294,47
5295,56
5296,57
5297,57
5298,56
5299,56
5300,73
5301,153
5302,139
5303,102
5304,86
5305,66
5306,39
5307,21
5308,26
5309,22
5310,12
5311,12
5312,4
5313,-1
5314,5
5315,17
5316,26
5317,29
5318,103
5319,53
5320,90
5321,84
5322,87
5323,99
5324,99
5325,80
5326,113
5327,90
5328,76
5329,55
5330,35
5331,29
5332,38
5333,31
5334,22
5335,18
5336,5
5337,8
5338,4
5339,16
5340,39
5341,56
5342,103
5343,90
5344,119
5345,116
5346,123
5347,120
5348,115
5349,80
5350,56
5351,93
5352,55
5353,56
5354,45
5355,34
5356,15
5357,7
5358,3
5359,10
5360,6
5361,16
5362,42
5363,88
5364,206
5365,59
5366,21
5367,30
5368,41
5369,52
5370,58
5371,57
5372,89
5373,129
5374,140
5375,101
5376,71
5377,44
5378,35
5379,27
